lfo1_rate,filter_cutoff,lfo1_amount,osc2_wave,filter_resonance,file
0.629921259843,1.81102362205,2.75590551181,"Sine",1.65354330709,"s0.wav"
8.8188976378,1.49606299213,1.65354330709,"Sine",3.46456692913,"s1.wav"
5.5905511811,8.34645669291,5.11811023622,"Pulse",4.25196850394,"s2.wav"
6.53543307087,9.29133858268,5.74803149606,"Saw",5.03937007874,"s3.wav"
9.2125984252,0.0787401574803,4.8031496063,"Pulse",6.61417322835,"s4.wav"
9.76377952756,7.32283464567,4.96062992126,"Saw",4.96062992126,"s5.wav"
4.25196850394,0.708661417323,7.08661417323,"Pulse",9.92125984252,"s6.wav"
2.20472440945,6.14173228346,4.0157480315,"Pulse",0.944881889764,"s7.wav"
6.69291338583,7.08661417323,2.91338582677,"Saw",5.27559055118,"s8.wav"
8.03149606299,0.314960629921,6.53543307087,"Saw",6.14173228346,"s9.wav"
8.42519685039,1.1811023622,7.00787401575,"Sine",2.20472440945,"s10.wav"
1.33858267717,8.8188976378,9.6062992126,"Triangle",9.37007874016,"s11.wav"
7.08661417323,4.25196850394,3.22834645669,"Sine",3.62204724409,"s12.wav"
7.16535433071,5.74803149606,7.16535433071,"Pulse",2.83464566929,"s13.wav"
0.472440944882,0.157480314961,4.09448818898,"Saw",5.1968503937,"s14.wav"
3.70078740157,7.00787401575,6.45669291339,"Noise",4.33070866142,"s15.wav"
9.52755905512,5.11811023622,7.48031496063,"Saw",5.9842519685,"s16.wav"
3.54330708661,1.41732283465,8.97637795276,"Saw",8.89763779528,"s17.wav"
8.50393700787,0.314960629921,7.95275590551,"Pulse",3.22834645669,"s18.wav"
4.8031496063,4.88188976378,3.54330708661,"Saw",6.61417322835,"s19.wav"
0.314960629921,6.61417322835,3.93700787402,"Triangle",8.66141732283,"s20.wav"
3.85826771654,9.52755905512,0.236220472441,"Sine",6.85039370079,"s21.wav"
1.65354330709,1.41732283465,7.79527559055,"Noise",3.77952755906,"s22.wav"
0.236220472441,6.14173228346,4.56692913386,"Pulse",4.25196850394,"s23.wav"
0.944881889764,3.77952755906,6.69291338583,"Noise",2.12598425197,"s24.wav"
6.92913385827,7.63779527559,4.33070866142,"Sine",5.9842519685,"s25.wav"
5.51181102362,9.37007874016,6.92913385827,"Pulse",3.93700787402,"s26.wav"
3.30708661417,1.41732283465,6.29921259843,"Triangle",1.57480314961,"s27.wav"
8.18897637795,8.8188976378,0.472440944882,"Pulse",2.20472440945,"s28.wav"
7.24409448819,2.59842519685,2.44094488189,"Saw",0.393700787402,"s29.wav"
0.0787401574803,9.52755905512,5.66929133858,"Triangle",8.42519685039,"s30.wav"
6.22047244094,4.72440944882,4.48818897638,"Noise",8.26771653543,"s31.wav"
5.66929133858,0.0,8.89763779528,"Triangle",9.76377952756,"s32.wav"
1.41732283465,8.50393700787,4.8031496063,"Noise",4.09448818898,"s33.wav"
1.1811023622,8.66141732283,3.62204724409,"Noise",3.22834645669,"s34.wav"
1.10236220472,4.64566929134,1.96850393701,"Sine",3.93700787402,"s35.wav"
8.97637795276,8.11023622047,4.25196850394,"Sine",7.48031496063,"s36.wav"
8.42519685039,5.66929133858,6.92913385827,"Saw",3.30708661417,"s37.wav"
7.95275590551,4.33070866142,3.54330708661,"Saw",5.74803149606,"s38.wav"
4.96062992126,9.84251968504,7.71653543307,"Triangle",2.12598425197,"s39.wav"
4.56692913386,7.63779527559,0.314960629921,"Noise",9.29133858268,"s40.wav"
5.1968503937,1.81102362205,2.12598425197,"Pulse",3.22834645669,"s41.wav"
2.99212598425,3.93700787402,5.9842519685,"Saw",9.84251968504,"s42.wav"
9.44881889764,9.92125984252,2.99212598425,"Noise",7.55905511811,"s43.wav"
6.92913385827,1.81102362205,2.83464566929,"Triangle",9.2125984252,"s44.wav"
7.63779527559,7.71653543307,2.44094488189,"Pulse",0.0787401574803,"s45.wav"
0.0,0.708661417323,0.787401574803,"Noise",6.85039370079,"s46.wav"
2.20472440945,4.17322834646,1.49606299213,"Triangle",7.16535433071,"s47.wav"
7.24409448819,8.18897637795,6.06299212598,"Pulse",5.1968503937,"s48.wav"
2.36220472441,2.12598425197,2.51968503937,"Saw",8.89763779528,"s49.wav"
1.49606299213,2.51968503937,7.95275590551,"Sine",1.1811023622,"s50.wav"
8.11023622047,0.314960629921,0.629921259843,"Saw",0.393700787402,"s51.wav"
2.91338582677,6.22047244094,7.48031496063,"Noise",9.05511811024,"s52.wav"
9.44881889764,1.49606299213,5.43307086614,"Sine",6.53543307087,"s53.wav"
2.59842519685,3.77952755906,6.45669291339,"Triangle",9.05511811024,"s54.wav"
0.236220472441,4.96062992126,3.07086614173,"Noise",9.68503937008,"s55.wav"
5.27559055118,5.90551181102,6.92913385827,"Pulse",2.36220472441,"s56.wav"
4.0157480315,1.57480314961,4.64566929134,"Sine",9.05511811024,"s57.wav"
2.99212598425,2.75590551181,4.25196850394,"Saw",8.97637795276,"s58.wav"
6.77165354331,7.95275590551,2.44094488189,"Noise",6.29921259843,"s59.wav"
2.91338582677,9.05511811024,0.0787401574803,"Sine",7.24409448819,"s60.wav"
2.44094488189,3.93700787402,8.89763779528,"Triangle",7.95275590551,"s61.wav"
2.51968503937,6.69291338583,6.77165354331,"Triangle",9.13385826772,"s62.wav"
0.629921259843,5.03937007874,7.55905511811,"Saw",3.46456692913,"s63.wav"
3.85826771654,4.09448818898,5.74803149606,"Pulse",3.70078740157,"s64.wav"
0.472440944882,3.46456692913,5.11811023622,"Triangle",8.58267716535,"s65.wav"
4.09448818898,8.74015748031,8.34645669291,"Saw",3.38582677165,"s66.wav"
6.77165354331,9.05511811024,9.29133858268,"Noise",3.14960629921,"s67.wav"
5.11811023622,6.37795275591,0.866141732283,"Noise",7.24409448819,"s68.wav"
7.79527559055,3.54330708661,3.77952755906,"Pulse",7.63779527559,"s69.wav"
1.57480314961,2.91338582677,8.03149606299,"Saw",3.07086614173,"s70.wav"
1.33858267717,10.0,1.81102362205,"Noise",8.8188976378,"s71.wav"
1.65354330709,4.96062992126,1.73228346457,"Saw",1.1811023622,"s72.wav"
4.64566929134,0.629921259843,4.48818897638,"Triangle",8.74015748031,"s73.wav"
7.00787401575,0.236220472441,5.5905511811,"Saw",7.95275590551,"s74.wav"
6.29921259843,7.79527559055,0.0787401574803,"Pulse",2.28346456693,"s75.wav"
8.58267716535,8.03149606299,7.08661417323,"Saw",7.71653543307,"s76.wav"
9.37007874016,8.8188976378,3.38582677165,"Sine",2.75590551181,"s77.wav"
8.26771653543,8.34645669291,1.65354330709,"Pulse",5.66929133858,"s78.wav"
6.85039370079,6.14173228346,9.76377952756,"Sine",7.32283464567,"s79.wav"
9.6062992126,5.74803149606,0.314960629921,"Sine",1.57480314961,"s80.wav"
4.33070866142,1.65354330709,8.8188976378,"Pulse",2.44094488189,"s81.wav"
4.8031496063,4.88188976378,1.49606299213,"Saw",2.12598425197,"s82.wav"
3.62204724409,5.5905511811,1.49606299213,"Saw",8.50393700787,"s83.wav"
9.84251968504,5.74803149606,0.551181102362,"Noise",2.12598425197,"s84.wav"
8.03149606299,7.40157480315,9.68503937008,"Noise",3.70078740157,"s85.wav"
3.46456692913,3.70078740157,7.00787401575,"Triangle",8.74015748031,"s86.wav"
1.73228346457,0.236220472441,9.2125984252,"Sine",1.10236220472,"s87.wav"
1.65354330709,8.8188976378,0.866141732283,"Noise",0.629921259843,"s88.wav"
8.11023622047,0.157480314961,4.56692913386,"Noise",0.708661417323,"s89.wav"
5.27559055118,7.63779527559,6.92913385827,"Saw",9.29133858268,"s90.wav"
4.0157480315,3.85826771654,1.02362204724,"Pulse",2.59842519685,"s91.wav"
9.52755905512,6.92913385827,7.24409448819,"Triangle",1.1811023622,"s92.wav"
8.11023622047,5.66929133858,7.24409448819,"Triangle",1.88976377953,"s93.wav"
2.75590551181,1.1811023622,6.37795275591,"Sine",7.79527559055,"s94.wav"
0.629921259843,4.72440944882,0.629921259843,"Sine",9.84251968504,"s95.wav"
7.55905511811,1.88976377953,5.5905511811,"Triangle",0.236220472441,"s96.wav"
7.00787401575,5.1968503937,4.09448818898,"Sine",8.50393700787,"s97.wav"
7.95275590551,1.10236220472,9.6062992126,"Noise",3.85826771654,"s98.wav"
1.57480314961,8.50393700787,2.83464566929,"Pulse",3.38582677165,"s99.wav"
4.96062992126,7.48031496063,7.48031496063,"Pulse",0.0787401574803,"s100.wav"
6.53543307087,0.393700787402,4.88188976378,"Pulse",2.99212598425,"s101.wav"
6.29921259843,4.25196850394,9.52755905512,"Saw",1.65354330709,"s102.wav"
7.40157480315,3.77952755906,3.62204724409,"Noise",6.22047244094,"s103.wav"
0.787401574803,9.13385826772,3.14960629921,"Saw",1.73228346457,"s104.wav"
7.16535433071,2.91338582677,1.1811023622,"Sine",4.88188976378,"s105.wav"
0.236220472441,8.34645669291,7.48031496063,"Sine",9.29133858268,"s106.wav"
3.14960629921,5.03937007874,0.0787401574803,"Noise",9.44881889764,"s107.wav"
9.44881889764,0.157480314961,8.03149606299,"Saw",2.44094488189,"s108.wav"
9.84251968504,7.55905511811,4.25196850394,"Triangle",7.55905511811,"s109.wav"
4.09448818898,9.13385826772,2.44094488189,"Noise",6.45669291339,"s110.wav"
6.29921259843,7.00787401575,3.62204724409,"Triangle",6.61417322835,"s111.wav"
1.02362204724,5.27559055118,9.68503937008,"Pulse",7.63779527559,"s112.wav"
7.87401574803,4.48818897638,1.41732283465,"Triangle",5.03937007874,"s113.wav"
6.53543307087,0.944881889764,7.95275590551,"Noise",5.5905511811,"s114.wav"
3.77952755906,8.34645669291,8.8188976378,"Pulse",7.24409448819,"s115.wav"
9.84251968504,8.97637795276,1.25984251969,"Saw",7.32283464567,"s116.wav"
6.77165354331,6.29921259843,2.28346456693,"Sine",9.29133858268,"s117.wav"
7.00787401575,0.629921259843,0.629921259843,"Saw",0.551181102362,"s118.wav"
4.4094488189,9.68503937008,0.393700787402,"Noise",4.72440944882,"s119.wav"
4.25196850394,5.43307086614,1.65354330709,"Sine",8.58267716535,"s120.wav"
5.82677165354,3.07086614173,9.84251968504,"Triangle",7.00787401575,"s121.wav"
7.40157480315,8.50393700787,6.22047244094,"Sine",1.49606299213,"s122.wav"
1.33858267717,4.4094488189,9.92125984252,"Noise",9.37007874016,"s123.wav"
9.92125984252,5.35433070866,4.25196850394,"Sine",7.71653543307,"s124.wav"
6.85039370079,5.11811023622,8.11023622047,"Pulse",4.33070866142,"s125.wav"
9.37007874016,0.866141732283,1.10236220472,"Saw",8.66141732283,"s126.wav"
9.37007874016,7.24409448819,3.77952755906,"Triangle",4.0157480315,"s127.wav"
7.79527559055,3.62204724409,4.64566929134,"Sine",1.49606299213,"s128.wav"
7.32283464567,5.5905511811,5.11811023622,"Pulse",6.06299212598,"s129.wav"
7.87401574803,9.52755905512,7.24409448819,"Pulse",0.393700787402,"s130.wav"
0.236220472441,5.35433070866,9.6062992126,"Pulse",1.10236220472,"s131.wav"
0.787401574803,0.472440944882,5.03937007874,"Noise",7.79527559055,"s132.wav"
3.77952755906,8.18897637795,8.89763779528,"Saw",9.52755905512,"s133.wav"
8.66141732283,1.65354330709,9.37007874016,"Pulse",7.16535433071,"s134.wav"
8.34645669291,0.629921259843,0.0787401574803,"Sine",2.12598425197,"s135.wav"
4.25196850394,0.0,9.29133858268,"Pulse",1.33858267717,"s136.wav"
8.58267716535,0.393700787402,8.58267716535,"Noise",1.41732283465,"s137.wav"
9.29133858268,3.62204724409,3.38582677165,"Noise",9.92125984252,"s138.wav"
9.52755905512,5.51181102362,5.43307086614,"Sine",2.20472440945,"s139.wav"
6.37795275591,2.67716535433,6.77165354331,"Sine",3.62204724409,"s140.wav"
5.1968503937,0.314960629921,9.6062992126,"Sine",8.8188976378,"s141.wav"
9.68503937008,4.4094488189,0.787401574803,"Pulse",0.314960629921,"s142.wav"
7.08661417323,3.22834645669,1.88976377953,"Triangle",2.04724409449,"s143.wav"
2.12598425197,5.5905511811,9.29133858268,"Sine",2.20472440945,"s144.wav"
8.66141732283,0.236220472441,4.09448818898,"Triangle",8.8188976378,"s145.wav"
3.22834645669,5.35433070866,7.48031496063,"Sine",3.30708661417,"s146.wav"
0.472440944882,1.88976377953,0.787401574803,"Sine",8.18897637795,"s147.wav"
9.6062992126,3.30708661417,6.45669291339,"Saw",7.55905511811,"s148.wav"
7.00787401575,8.66141732283,0.944881889764,"Saw",2.36220472441,"s149.wav"
0.0787401574803,8.11023622047,1.10236220472,"Sine",6.06299212598,"s150.wav"
7.95275590551,0.0787401574803,5.82677165354,"Pulse",1.73228346457,"s151.wav"
6.06299212598,7.08661417323,7.16535433071,"Triangle",9.37007874016,"s152.wav"
0.0,6.06299212598,1.81102362205,"Triangle",5.11811023622,"s153.wav"
8.74015748031,8.03149606299,5.90551181102,"Triangle",4.96062992126,"s154.wav"
6.29921259843,7.87401574803,4.0157480315,"Saw",8.8188976378,"s155.wav"
3.93700787402,6.14173228346,3.77952755906,"Triangle",2.67716535433,"s156.wav"
7.24409448819,1.65354330709,8.11023622047,"Triangle",1.02362204724,"s157.wav"
5.51181102362,8.42519685039,2.12598425197,"Triangle",6.69291338583,"s158.wav"
1.57480314961,9.52755905512,6.45669291339,"Saw",8.18897637795,"s159.wav"
6.14173228346,7.63779527559,8.34645669291,"Noise",8.97637795276,"s160.wav"
8.11023622047,3.14960629921,0.866141732283,"Sine",4.48818897638,"s161.wav"
3.07086614173,2.51968503937,5.11811023622,"Noise",1.88976377953,"s162.wav"
5.74803149606,3.30708661417,1.57480314961,"Noise",7.71653543307,"s163.wav"
5.27559055118,4.09448818898,7.79527559055,"Pulse",1.1811023622,"s164.wav"
9.29133858268,6.29921259843,0.393700787402,"Saw",8.34645669291,"s165.wav"
6.53543307087,4.8031496063,1.10236220472,"Noise",7.08661417323,"s166.wav"
1.81102362205,5.43307086614,4.17322834646,"Noise",9.44881889764,"s167.wav"
7.55905511811,6.37795275591,9.76377952756,"Saw",9.44881889764,"s168.wav"
8.18897637795,7.16535433071,2.67716535433,"Triangle",5.11811023622,"s169.wav"
4.96062992126,1.25984251969,5.82677165354,"Triangle",4.72440944882,"s170.wav"
1.02362204724,5.9842519685,4.4094488189,"Sine",0.157480314961,"s171.wav"
4.56692913386,3.38582677165,8.26771653543,"Pulse",6.45669291339,"s172.wav"
5.35433070866,9.92125984252,6.06299212598,"Sine",9.68503937008,"s173.wav"
4.4094488189,0.236220472441,9.2125984252,"Triangle",5.90551181102,"s174.wav"
2.36220472441,5.35433070866,3.62204724409,"Saw",8.18897637795,"s175.wav"
9.92125984252,0.551181102362,6.45669291339,"Sine",4.96062992126,"s176.wav"
8.42519685039,5.03937007874,9.44881889764,"Saw",6.29921259843,"s177.wav"
6.29921259843,4.48818897638,3.22834645669,"Pulse",7.95275590551,"s178.wav"
4.48818897638,1.73228346457,9.52755905512,"Saw",5.43307086614,"s179.wav"
5.03937007874,6.53543307087,2.51968503937,"Pulse",8.74015748031,"s180.wav"
5.5905511811,1.10236220472,5.35433070866,"Triangle",2.28346456693,"s181.wav"
4.72440944882,1.49606299213,7.71653543307,"Sine",3.54330708661,"s182.wav"
1.10236220472,5.9842519685,7.48031496063,"Pulse",5.11811023622,"s183.wav"
3.70078740157,8.18897637795,5.90551181102,"Saw",5.82677165354,"s184.wav"
9.92125984252,0.629921259843,2.04724409449,"Pulse",8.58267716535,"s185.wav"
4.88188976378,5.27559055118,4.48818897638,"Sine",6.29921259843,"s186.wav"
2.83464566929,5.11811023622,7.08661417323,"Triangle",1.02362204724,"s187.wav"
8.26771653543,9.44881889764,6.06299212598,"Noise",8.8188976378,"s188.wav"
0.0,8.66141732283,9.76377952756,"Pulse",1.02362204724,"s189.wav"
1.96850393701,8.18897637795,6.45669291339,"Triangle",6.77165354331,"s190.wav"
6.53543307087,8.26771653543,0.157480314961,"Pulse",4.33070866142,"s191.wav"
0.787401574803,5.90551181102,5.1968503937,"Saw",2.99212598425,"s192.wav"
2.83464566929,0.393700787402,6.22047244094,"Noise",2.91338582677,"s193.wav"
6.77165354331,8.03149606299,2.51968503937,"Pulse",5.9842519685,"s194.wav"
5.90551181102,6.85039370079,9.76377952756,"Noise",2.99212598425,"s195.wav"
9.52755905512,8.74015748031,4.64566929134,"Saw",6.61417322835,"s196.wav"
2.04724409449,3.70078740157,9.13385826772,"Triangle",9.2125984252,"s197.wav"
6.92913385827,5.90551181102,8.58267716535,"Triangle",4.48818897638,"s198.wav"
2.91338582677,1.41732283465,9.44881889764,"Pulse",2.75590551181,"s199.wav"
8.11023622047,8.66141732283,7.87401574803,"Sine",0.314960629921,"s200.wav"
9.29133858268,6.77165354331,8.50393700787,"Sine",5.9842519685,"s201.wav"
6.37795275591,7.87401574803,1.81102362205,"Triangle",6.06299212598,"s202.wav"
3.93700787402,1.81102362205,8.34645669291,"Noise",2.99212598425,"s203.wav"
7.87401574803,5.35433070866,9.13385826772,"Pulse",4.25196850394,"s204.wav"
6.37795275591,5.66929133858,5.27559055118,"Saw",9.76377952756,"s205.wav"
1.81102362205,2.51968503937,0.236220472441,"Triangle",9.76377952756,"s206.wav"
8.26771653543,6.45669291339,1.02362204724,"Pulse",0.157480314961,"s207.wav"
0.157480314961,4.25196850394,4.4094488189,"Saw",8.42519685039,"s208.wav"
4.17322834646,0.0787401574803,1.1811023622,"Triangle",5.82677165354,"s209.wav"
9.68503937008,0.393700787402,7.40157480315,"Sine",7.40157480315,"s210.wav"
4.96062992126,4.48818897638,8.42519685039,"Pulse",5.11811023622,"s211.wav"
6.61417322835,6.37795275591,5.90551181102,"Pulse",5.66929133858,"s212.wav"
0.708661417323,2.67716535433,7.71653543307,"Triangle",7.24409448819,"s213.wav"
1.33858267717,5.1968503937,6.37795275591,"Sine",4.96062992126,"s214.wav"
3.38582677165,5.11811023622,9.44881889764,"Saw",8.89763779528,"s215.wav"
8.50393700787,6.77165354331,1.65354330709,"Pulse",1.1811023622,"s216.wav"
0.787401574803,4.17322834646,0.787401574803,"Triangle",6.29921259843,"s217.wav"
2.91338582677,5.66929133858,6.29921259843,"Pulse",3.77952755906,"s218.wav"
4.96062992126,3.93700787402,6.69291338583,"Triangle",8.97637795276,"s219.wav"
4.48818897638,8.66141732283,5.66929133858,"Noise",0.0,"s220.wav"
4.33070866142,4.33070866142,1.65354330709,"Sine",6.45669291339,"s221.wav"
4.96062992126,6.85039370079,9.76377952756,"Noise",6.77165354331,"s222.wav"
2.28346456693,2.59842519685,0.157480314961,"Triangle",3.38582677165,"s223.wav"
6.37795275591,5.03937007874,8.42519685039,"Sine",3.93700787402,"s224.wav"
2.28346456693,5.27559055118,5.1968503937,"Sine",0.551181102362,"s225.wav"
2.67716535433,2.20472440945,7.79527559055,"Triangle",3.14960629921,"s226.wav"
7.55905511811,4.33070866142,1.73228346457,"Noise",6.69291338583,"s227.wav"
8.58267716535,9.13385826772,5.66929133858,"Noise",7.48031496063,"s228.wav"
3.22834645669,8.50393700787,7.24409448819,"Noise",4.96062992126,"s229.wav"
0.629921259843,4.4094488189,1.49606299213,"Sine",2.51968503937,"s230.wav"
1.81102362205,2.91338582677,7.32283464567,"Pulse",4.33070866142,"s231.wav"
5.74803149606,6.92913385827,1.96850393701,"Noise",9.92125984252,"s232.wav"
4.48818897638,2.28346456693,6.14173228346,"Sine",3.46456692913,"s233.wav"
6.22047244094,8.8188976378,0.157480314961,"Triangle",7.48031496063,"s234.wav"
5.27559055118,5.5905511811,10.0,"Sine",5.43307086614,"s235.wav"
5.1968503937,8.42519685039,8.74015748031,"Noise",9.37007874016,"s236.wav"
7.79527559055,0.0,6.61417322835,"Pulse",4.72440944882,"s237.wav"
8.34645669291,4.48818897638,5.11811023622,"Triangle",2.28346456693,"s238.wav"
4.72440944882,7.24409448819,9.52755905512,"Noise",2.91338582677,"s239.wav"
8.26771653543,4.4094488189,1.02362204724,"Saw",9.29133858268,"s240.wav"
6.77165354331,9.52755905512,7.87401574803,"Sine",4.17322834646,"s241.wav"
4.88188976378,4.88188976378,5.43307086614,"Pulse",0.551181102362,"s242.wav"
7.79527559055,0.314960629921,6.45669291339,"Noise",8.58267716535,"s243.wav"
1.96850393701,2.36220472441,7.24409448819,"Triangle",1.49606299213,"s244.wav"
9.37007874016,9.6062992126,8.34645669291,"Saw",7.48031496063,"s245.wav"
8.03149606299,4.96062992126,7.95275590551,"Triangle",1.33858267717,"s246.wav"
0.236220472441,6.61417322835,7.32283464567,"Pulse",0.787401574803,"s247.wav"
0.314960629921,4.17322834646,0.551181102362,"Saw",0.787401574803,"s248.wav"
5.9842519685,3.93700787402,7.63779527559,"Saw",0.0787401574803,"s249.wav"
9.37007874016,2.20472440945,0.944881889764,"Noise",1.1811023622,"s250.wav"
3.62204724409,4.56692913386,7.63779527559,"Pulse",0.157480314961,"s251.wav"
8.18897637795,4.56692913386,0.236220472441,"Pulse",2.51968503937,"s252.wav"
5.27559055118,3.54330708661,4.8031496063,"Pulse",1.33858267717,"s253.wav"
8.18897637795,5.43307086614,9.76377952756,"Triangle",6.06299212598,"s254.wav"
0.393700787402,7.79527559055,0.866141732283,"Saw",2.99212598425,"s255.wav"
6.77165354331,1.73228346457,4.88188976378,"Noise",5.27559055118,"s256.wav"
1.65354330709,7.40157480315,4.0157480315,"Noise",3.93700787402,"s257.wav"
3.07086614173,8.66141732283,5.90551181102,"Triangle",1.1811023622,"s258.wav"
0.393700787402,5.11811023622,4.25196850394,"Pulse",0.236220472441,"s259.wav"
4.48818897638,2.12598425197,1.41732283465,"Sine",6.06299212598,"s260.wav"
8.03149606299,4.0157480315,10.0,"Pulse",8.42519685039,"s261.wav"
8.58267716535,3.07086614173,2.28346456693,"Noise",2.36220472441,"s262.wav"
1.57480314961,7.08661417323,7.87401574803,"Noise",3.62204724409,"s263.wav"
0.551181102362,2.44094488189,8.11023622047,"Sine",2.04724409449,"s264.wav"
7.16535433071,1.25984251969,0.0,"Pulse",4.0157480315,"s265.wav"
8.03149606299,7.87401574803,4.56692913386,"Saw",3.93700787402,"s266.wav"
1.49606299213,9.68503937008,2.67716535433,"Pulse",4.33070866142,"s267.wav"
0.944881889764,1.41732283465,3.38582677165,"Saw",0.0,"s268.wav"
9.44881889764,4.8031496063,9.92125984252,"Saw",2.36220472441,"s269.wav"
0.236220472441,9.37007874016,6.14173228346,"Saw",5.74803149606,"s270.wav"
1.41732283465,3.30708661417,9.84251968504,"Noise",8.11023622047,"s271.wav"
5.35433070866,0.314960629921,7.71653543307,"Triangle",9.37007874016,"s272.wav"
3.54330708661,6.77165354331,8.89763779528,"Saw",1.73228346457,"s273.wav"
4.72440944882,2.20472440945,5.74803149606,"Triangle",0.944881889764,"s274.wav"
5.1968503937,9.52755905512,7.63779527559,"Triangle",2.67716535433,"s275.wav"
8.89763779528,4.48818897638,0.551181102362,"Pulse",6.61417322835,"s276.wav"
0.708661417323,8.03149606299,1.49606299213,"Saw",10.0,"s277.wav"
6.29921259843,6.29921259843,1.49606299213,"Sine",1.1811023622,"s278.wav"
6.14173228346,10.0,5.82677165354,"Saw",0.472440944882,"s279.wav"
5.66929133858,2.67716535433,9.52755905512,"Pulse",9.13385826772,"s280.wav"
2.99212598425,5.35433070866,1.88976377953,"Triangle",7.79527559055,"s281.wav"
3.30708661417,3.85826771654,2.12598425197,"Pulse",6.14173228346,"s282.wav"
6.14173228346,6.29921259843,1.41732283465,"Sine",4.64566929134,"s283.wav"
9.6062992126,0.314960629921,4.96062992126,"Triangle",7.08661417323,"s284.wav"
2.59842519685,4.88188976378,3.30708661417,"Sine",1.49606299213,"s285.wav"
0.944881889764,8.8188976378,10.0,"Pulse",0.157480314961,"s286.wav"
4.72440944882,9.52755905512,5.5905511811,"Saw",6.06299212598,"s287.wav"
8.58267716535,1.1811023622,7.71653543307,"Triangle",4.33070866142,"s288.wav"
8.66141732283,2.75590551181,4.48818897638,"Saw",9.13385826772,"s289.wav"
0.944881889764,5.1968503937,1.41732283465,"Sine",9.2125984252,"s290.wav"
9.92125984252,0.393700787402,8.18897637795,"Saw",4.33070866142,"s291.wav"
8.74015748031,9.84251968504,8.74015748031,"Noise",0.157480314961,"s292.wav"
7.71653543307,1.88976377953,1.88976377953,"Pulse",9.52755905512,"s293.wav"
5.66929133858,7.08661417323,1.73228346457,"Saw",2.28346456693,"s294.wav"
4.33070866142,7.16535433071,9.52755905512,"Saw",1.57480314961,"s295.wav"
7.63779527559,0.472440944882,1.10236220472,"Sine",0.393700787402,"s296.wav"
0.629921259843,8.11023622047,5.35433070866,"Sine",6.53543307087,"s297.wav"
1.81102362205,2.20472440945,1.96850393701,"Triangle",0.629921259843,"s298.wav"
9.37007874016,8.97637795276,4.33070866142,"Pulse",8.11023622047,"s299.wav"
7.63779527559,4.33070866142,2.12598425197,"Noise",6.37795275591,"s300.wav"
6.37795275591,9.84251968504,8.8188976378,"Saw",9.92125984252,"s301.wav"
6.45669291339,4.56692913386,8.18897637795,"Sine",7.24409448819,"s302.wav"
8.8188976378,1.1811023622,2.04724409449,"Triangle",6.45669291339,"s303.wav"
5.51181102362,3.77952755906,3.22834645669,"Sine",10.0,"s304.wav"
9.13385826772,2.44094488189,0.629921259843,"Triangle",1.65354330709,"s305.wav"
4.56692913386,1.49606299213,7.95275590551,"Triangle",8.97637795276,"s306.wav"
5.1968503937,2.20472440945,2.99212598425,"Saw",3.14960629921,"s307.wav"
2.51968503937,8.26771653543,1.10236220472,"Sine",3.22834645669,"s308.wav"
8.8188976378,9.84251968504,1.81102362205,"Saw",0.708661417323,"s309.wav"
3.77952755906,2.12598425197,6.29921259843,"Saw",3.85826771654,"s310.wav"
9.05511811024,7.79527559055,4.48818897638,"Saw",8.34645669291,"s311.wav"
6.22047244094,8.34645669291,2.83464566929,"Triangle",6.92913385827,"s312.wav"
3.14960629921,2.75590551181,8.58267716535,"Saw",9.13385826772,"s313.wav"
6.37795275591,3.77952755906,5.27559055118,"Triangle",3.07086614173,"s314.wav"
1.88976377953,4.48818897638,6.69291338583,"Triangle",5.74803149606,"s315.wav"
9.44881889764,8.34645669291,0.708661417323,"Triangle",5.51181102362,"s316.wav"
6.69291338583,7.48031496063,0.314960629921,"Triangle",8.58267716535,"s317.wav"
1.81102362205,9.05511811024,5.51181102362,"Saw",1.10236220472,"s318.wav"
7.71653543307,7.55905511811,6.45669291339,"Pulse",5.51181102362,"s319.wav"
8.66141732283,8.8188976378,8.74015748031,"Noise",9.84251968504,"s320.wav"
1.73228346457,6.92913385827,2.91338582677,"Saw",5.1968503937,"s321.wav"
6.69291338583,3.54330708661,7.79527559055,"Triangle",2.67716535433,"s322.wav"
9.84251968504,1.65354330709,2.12598425197,"Noise",9.2125984252,"s323.wav"
7.00787401575,7.79527559055,5.11811023622,"Sine",1.10236220472,"s324.wav"
2.36220472441,2.04724409449,4.72440944882,"Saw",9.29133858268,"s325.wav"
2.04724409449,8.03149606299,5.27559055118,"Triangle",5.9842519685,"s326.wav"
3.62204724409,6.92913385827,5.74803149606,"Noise",1.57480314961,"s327.wav"
6.29921259843,3.70078740157,9.13385826772,"Sine",8.66141732283,"s328.wav"
5.66929133858,2.20472440945,7.63779527559,"Triangle",8.11023622047,"s329.wav"
3.38582677165,2.99212598425,0.551181102362,"Triangle",5.51181102362,"s330.wav"
5.74803149606,6.69291338583,6.06299212598,"Pulse",6.45669291339,"s331.wav"
0.472440944882,1.81102362205,4.4094488189,"Sine",3.93700787402,"s332.wav"
9.2125984252,5.43307086614,8.8188976378,"Noise",6.06299212598,"s333.wav"
6.53543307087,8.18897637795,1.02362204724,"Saw",7.55905511811,"s334.wav"
8.18897637795,5.27559055118,5.66929133858,"Sine",3.54330708661,"s335.wav"
4.72440944882,9.29133858268,9.05511811024,"Saw",7.63779527559,"s336.wav"
2.83464566929,4.17322834646,7.40157480315,"Triangle",6.06299212598,"s337.wav"
2.51968503937,9.68503937008,6.61417322835,"Pulse",5.66929133858,"s338.wav"
3.70078740157,5.03937007874,0.0,"Noise",2.20472440945,"s339.wav"
9.52755905512,8.89763779528,7.87401574803,"Noise",6.61417322835,"s340.wav"
2.83464566929,8.18897637795,5.11811023622,"Triangle",9.05511811024,"s341.wav"
7.63779527559,2.91338582677,2.99212598425,"Pulse",0.787401574803,"s342.wav"
5.1968503937,6.77165354331,5.03937007874,"Sine",8.74015748031,"s343.wav"
3.14960629921,0.314960629921,4.0157480315,"Noise",8.03149606299,"s344.wav"
8.11023622047,3.62204724409,4.88188976378,"Noise",6.29921259843,"s345.wav"
8.03149606299,9.68503937008,9.44881889764,"Noise",5.27559055118,"s346.wav"
0.551181102362,9.44881889764,0.393700787402,"Noise",0.472440944882,"s347.wav"
1.25984251969,6.61417322835,1.1811023622,"Sine",7.95275590551,"s348.wav"
2.04724409449,6.69291338583,1.02362204724,"Saw",2.75590551181,"s349.wav"
6.53543307087,2.91338582677,9.92125984252,"Saw",5.11811023622,"s350.wav"
7.40157480315,6.29921259843,0.0787401574803,"Pulse",7.08661417323,"s351.wav"
4.8031496063,9.84251968504,5.9842519685,"Noise",4.09448818898,"s352.wav"
8.11023622047,7.79527559055,7.32283464567,"Noise",6.77165354331,"s353.wav"
8.03149606299,0.629921259843,5.5905511811,"Saw",1.57480314961,"s354.wav"
5.9842519685,6.06299212598,5.90551181102,"Pulse",3.46456692913,"s355.wav"
2.04724409449,8.50393700787,8.34645669291,"Sine",8.11023622047,"s356.wav"
7.48031496063,2.44094488189,1.33858267717,"Saw",6.37795275591,"s357.wav"
3.54330708661,5.43307086614,8.42519685039,"Noise",4.4094488189,"s358.wav"
9.68503937008,4.17322834646,9.6062992126,"Saw",4.25196850394,"s359.wav"
8.74015748031,3.54330708661,5.1968503937,"Sine",6.85039370079,"s360.wav"
5.35433070866,3.22834645669,0.551181102362,"Pulse",4.33070866142,"s361.wav"
7.08661417323,1.49606299213,4.0157480315,"Pulse",0.472440944882,"s362.wav"
7.48031496063,0.0787401574803,5.43307086614,"Noise",4.88188976378,"s363.wav"
8.8188976378,5.5905511811,6.06299212598,"Sine",0.551181102362,"s364.wav"
8.34645669291,3.22834645669,3.70078740157,"Pulse",10.0,"s365.wav"
9.44881889764,1.49606299213,4.88188976378,"Triangle",1.10236220472,"s366.wav"
3.38582677165,6.53543307087,2.67716535433,"Saw",8.34645669291,"s367.wav"
4.4094488189,6.14173228346,5.43307086614,"Noise",1.96850393701,"s368.wav"
9.05511811024,7.48031496063,2.44094488189,"Sine",7.55905511811,"s369.wav"
6.37795275591,1.41732283465,1.33858267717,"Saw",0.393700787402,"s370.wav"
2.83464566929,8.58267716535,0.0,"Noise",5.82677165354,"s371.wav"
8.34645669291,2.59842519685,6.85039370079,"Triangle",6.29921259843,"s372.wav"
2.83464566929,3.38582677165,0.0,"Sine",2.67716535433,"s373.wav"
0.629921259843,1.33858267717,2.51968503937,"Triangle",6.29921259843,"s374.wav"
2.67716535433,8.18897637795,9.05511811024,"Saw",1.81102362205,"s375.wav"
6.85039370079,3.22834645669,1.1811023622,"Sine",5.27559055118,"s376.wav"
0.708661417323,2.83464566929,6.37795275591,"Pulse",6.22047244094,"s377.wav"
3.22834645669,2.67716535433,5.66929133858,"Saw",5.1968503937,"s378.wav"
4.64566929134,9.44881889764,2.99212598425,"Pulse",3.93700787402,"s379.wav"
3.93700787402,7.95275590551,1.96850393701,"Triangle",1.73228346457,"s380.wav"
6.14173228346,6.06299212598,2.12598425197,"Noise",7.40157480315,"s381.wav"
0.314960629921,3.38582677165,1.81102362205,"Triangle",7.16535433071,"s382.wav"
8.11023622047,9.37007874016,8.34645669291,"Sine",1.49606299213,"s383.wav"
1.81102362205,3.46456692913,2.75590551181,"Noise",2.51968503937,"s384.wav"
7.95275590551,5.35433070866,5.1968503937,"Saw",7.55905511811,"s385.wav"
5.1968503937,7.24409448819,2.04724409449,"Pulse",0.629921259843,"s386.wav"
8.58267716535,6.14173228346,1.49606299213,"Triangle",9.52755905512,"s387.wav"
9.84251968504,6.92913385827,1.25984251969,"Saw",1.25984251969,"s388.wav"
1.49606299213,1.02362204724,2.12598425197,"Sine",4.33070866142,"s389.wav"
4.88188976378,3.07086614173,0.314960629921,"Sine",7.95275590551,"s390.wav"
7.48031496063,0.787401574803,4.0157480315,"Pulse",7.40157480315,"s391.wav"
1.41732283465,5.90551181102,4.64566929134,"Pulse",4.33070866142,"s392.wav"
6.06299212598,4.48818897638,1.25984251969,"Saw",9.13385826772,"s393.wav"
3.07086614173,1.57480314961,9.84251968504,"Pulse",8.97637795276,"s394.wav"
0.236220472441,0.629921259843,0.866141732283,"Sine",6.53543307087,"s395.wav"
8.50393700787,2.51968503937,9.37007874016,"Pulse",6.85039370079,"s396.wav"
5.1968503937,9.37007874016,3.85826771654,"Pulse",4.88188976378,"s397.wav"
8.58267716535,0.0,3.14960629921,"Triangle",2.28346456693,"s398.wav"
2.59842519685,9.84251968504,3.70078740157,"Sine",1.49606299213,"s399.wav"
3.93700787402,3.77952755906,5.11811023622,"Noise",2.51968503937,"s400.wav"
0.157480314961,3.14960629921,4.56692913386,"Saw",0.708661417323,"s401.wav"
6.77165354331,8.03149606299,9.84251968504,"Pulse",9.68503937008,"s402.wav"
3.85826771654,9.6062992126,7.95275590551,"Triangle",4.4094488189,"s403.wav"
4.88188976378,1.10236220472,1.96850393701,"Noise",3.38582677165,"s404.wav"
6.85039370079,9.13385826772,3.14960629921,"Saw",6.69291338583,"s405.wav"
9.37007874016,0.866141732283,1.1811023622,"Saw",2.99212598425,"s406.wav"
2.36220472441,8.8188976378,7.55905511811,"Pulse",5.90551181102,"s407.wav"
6.61417322835,4.17322834646,9.92125984252,"Noise",6.45669291339,"s408.wav"
5.03937007874,6.77165354331,7.08661417323,"Sine",0.472440944882,"s409.wav"
3.85826771654,8.42519685039,7.00787401575,"Sine",9.92125984252,"s410.wav"
5.43307086614,8.50393700787,8.03149606299,"Saw",2.83464566929,"s411.wav"
1.02362204724,4.88188976378,7.63779527559,"Saw",8.18897637795,"s412.wav"
0.472440944882,2.20472440945,9.37007874016,"Triangle",2.83464566929,"s413.wav"
4.0157480315,0.157480314961,4.88188976378,"Sine",5.11811023622,"s414.wav"
5.90551181102,8.58267716535,7.55905511811,"Sine",9.37007874016,"s415.wav"
8.89763779528,0.314960629921,4.64566929134,"Sine",9.05511811024,"s416.wav"
7.55905511811,2.04724409449,3.22834645669,"Sine",0.944881889764,"s417.wav"
1.33858267717,0.551181102362,0.944881889764,"Sine",9.84251968504,"s418.wav"
3.77952755906,0.708661417323,3.70078740157,"Saw",3.62204724409,"s419.wav"
5.51181102362,7.95275590551,8.50393700787,"Saw",6.69291338583,"s420.wav"
4.48818897638,6.22047244094,5.66929133858,"Pulse",6.45669291339,"s421.wav"
4.09448818898,2.28346456693,9.13385826772,"Triangle",9.2125984252,"s422.wav"
9.29133858268,6.37795275591,6.61417322835,"Saw",4.96062992126,"s423.wav"
4.33070866142,8.42519685039,1.25984251969,"Pulse",0.393700787402,"s424.wav"
7.16535433071,8.74015748031,4.64566929134,"Pulse",6.37795275591,"s425.wav"
1.1811023622,5.1968503937,2.28346456693,"Triangle",0.551181102362,"s426.wav"
3.46456692913,7.71653543307,1.65354330709,"Saw",5.82677165354,"s427.wav"
7.24409448819,7.79527559055,7.32283464567,"Saw",3.46456692913,"s428.wav"
2.51968503937,9.29133858268,5.51181102362,"Sine",1.65354330709,"s429.wav"
0.472440944882,6.92913385827,9.05511811024,"Saw",1.57480314961,"s430.wav"
3.54330708661,0.0,7.95275590551,"Noise",0.708661417323,"s431.wav"
1.33858267717,9.52755905512,1.88976377953,"Sine",4.0157480315,"s432.wav"
0.236220472441,6.61417322835,5.90551181102,"Noise",3.38582677165,"s433.wav"
0.314960629921,6.45669291339,5.11811023622,"Noise",8.97637795276,"s434.wav"
5.5905511811,9.44881889764,7.79527559055,"Noise",4.96062992126,"s435.wav"
2.12598425197,6.29921259843,2.44094488189,"Sine",0.629921259843,"s436.wav"
9.44881889764,8.66141732283,9.76377952756,"Pulse",1.96850393701,"s437.wav"
7.24409448819,8.58267716535,3.07086614173,"Saw",9.13385826772,"s438.wav"
6.22047244094,7.16535433071,9.68503937008,"Saw",1.10236220472,"s439.wav"
4.88188976378,5.11811023622,3.77952755906,"Sine",1.41732283465,"s440.wav"
5.27559055118,6.45669291339,7.00787401575,"Saw",0.944881889764,"s441.wav"
4.0157480315,0.157480314961,0.629921259843,"Pulse",7.87401574803,"s442.wav"
1.25984251969,8.11023622047,9.2125984252,"Triangle",1.1811023622,"s443.wav"
6.77165354331,8.8188976378,3.77952755906,"Pulse",2.44094488189,"s444.wav"
9.68503937008,7.40157480315,1.57480314961,"Triangle",3.54330708661,"s445.wav"
2.59842519685,7.55905511811,0.944881889764,"Saw",6.69291338583,"s446.wav"
7.00787401575,5.03937007874,0.157480314961,"Triangle",1.81102362205,"s447.wav"
4.72440944882,9.13385826772,7.63779527559,"Saw",5.90551181102,"s448.wav"
8.97637795276,5.11811023622,0.551181102362,"Noise",5.9842519685,"s449.wav"
6.14173228346,6.61417322835,2.12598425197,"Triangle",2.20472440945,"s450.wav"
4.4094488189,0.866141732283,0.472440944882,"Sine",3.85826771654,"s451.wav"
5.5905511811,3.85826771654,4.72440944882,"Pulse",2.20472440945,"s452.wav"
8.50393700787,1.81102362205,0.157480314961,"Noise",2.04724409449,"s453.wav"
6.45669291339,2.12598425197,3.54330708661,"Sine",8.89763779528,"s454.wav"
8.18897637795,8.8188976378,7.63779527559,"Saw",8.89763779528,"s455.wav"
8.89763779528,4.17322834646,8.03149606299,"Saw",8.11023622047,"s456.wav"
1.10236220472,7.40157480315,3.07086614173,"Sine",8.58267716535,"s457.wav"
0.708661417323,8.18897637795,1.33858267717,"Triangle",4.33070866142,"s458.wav"
1.41732283465,8.18897637795,8.97637795276,"Sine",1.88976377953,"s459.wav"
5.90551181102,2.51968503937,6.61417322835,"Saw",9.6062992126,"s460.wav"
0.787401574803,7.08661417323,9.92125984252,"Saw",4.96062992126,"s461.wav"
2.36220472441,3.77952755906,9.29133858268,"Pulse",8.34645669291,"s462.wav"
3.85826771654,0.472440944882,2.51968503937,"Triangle",7.95275590551,"s463.wav"
7.24409448819,3.70078740157,0.236220472441,"Noise",2.28346456693,"s464.wav"
3.07086614173,9.2125984252,0.944881889764,"Saw",1.65354330709,"s465.wav"
8.42519685039,0.551181102362,3.93700787402,"Noise",8.03149606299,"s466.wav"
0.629921259843,4.4094488189,4.09448818898,"Noise",2.75590551181,"s467.wav"
5.90551181102,6.69291338583,7.71653543307,"Sine",2.44094488189,"s468.wav"
5.9842519685,4.96062992126,5.35433070866,"Triangle",9.92125984252,"s469.wav"
0.944881889764,7.24409448819,3.07086614173,"Sine",0.787401574803,"s470.wav"
3.77952755906,7.71653543307,6.92913385827,"Noise",7.48031496063,"s471.wav"
2.83464566929,5.1968503937,0.708661417323,"Sine",4.72440944882,"s472.wav"
8.42519685039,3.07086614173,1.1811023622,"Sine",7.32283464567,"s473.wav"
0.629921259843,3.14960629921,9.37007874016,"Noise",5.03937007874,"s474.wav"
8.50393700787,4.09448818898,1.10236220472,"Sine",1.65354330709,"s475.wav"
7.00787401575,0.236220472441,9.29133858268,"Triangle",5.27559055118,"s476.wav"
3.70078740157,5.82677165354,3.07086614173,"Saw",7.48031496063,"s477.wav"
5.74803149606,0.0787401574803,2.12598425197,"Pulse",5.66929133858,"s478.wav"
7.16535433071,8.42519685039,8.42519685039,"Pulse",6.61417322835,"s479.wav"
7.00787401575,1.96850393701,2.91338582677,"Pulse",2.91338582677,"s480.wav"
7.95275590551,2.75590551181,0.236220472441,"Sine",1.25984251969,"s481.wav"
1.25984251969,6.53543307087,0.236220472441,"Sine",1.73228346457,"s482.wav"
6.37795275591,2.75590551181,3.62204724409,"Sine",0.551181102362,"s483.wav"
4.4094488189,0.866141732283,2.59842519685,"Noise",3.07086614173,"s484.wav"
8.34645669291,8.66141732283,3.38582677165,"Triangle",4.33070866142,"s485.wav"
10.0,0.0787401574803,7.48031496063,"Triangle",6.29921259843,"s486.wav"
1.88976377953,5.5905511811,1.88976377953,"Triangle",7.24409448819,"s487.wav"
6.45669291339,5.90551181102,0.393700787402,"Pulse",5.82677165354,"s488.wav"
7.00787401575,5.90551181102,7.00787401575,"Saw",9.05511811024,"s489.wav"
1.73228346457,3.22834645669,3.14960629921,"Pulse",6.61417322835,"s490.wav"
8.58267716535,3.93700787402,3.07086614173,"Sine",9.84251968504,"s491.wav"
0.551181102362,5.03937007874,0.708661417323,"Saw",7.16535433071,"s492.wav"
9.6062992126,0.0787401574803,7.63779527559,"Noise",2.04724409449,"s493.wav"
7.48031496063,9.68503937008,1.02362204724,"Pulse",4.33070866142,"s494.wav"
4.17322834646,0.0,5.51181102362,"Saw",1.73228346457,"s495.wav"
9.29133858268,10.0,3.46456692913,"Triangle",2.04724409449,"s496.wav"
6.92913385827,3.77952755906,0.314960629921,"Noise",9.68503937008,"s497.wav"
5.74803149606,2.04724409449,9.6062992126,"Noise",0.0787401574803,"s498.wav"
6.14173228346,6.29921259843,0.708661417323,"Sine",1.57480314961,"s499.wav"
4.64566929134,2.36220472441,2.04724409449,"Saw",7.32283464567,"s500.wav"
4.48818897638,7.63779527559,8.89763779528,"Noise",5.35433070866,"s501.wav"
5.35433070866,1.88976377953,6.53543307087,"Pulse",9.52755905512,"s502.wav"
6.85039370079,2.36220472441,7.87401574803,"Sine",1.1811023622,"s503.wav"
5.90551181102,2.51968503937,0.157480314961,"Triangle",1.02362204724,"s504.wav"
0.629921259843,2.59842519685,4.72440944882,"Triangle",8.03149606299,"s505.wav"
3.93700787402,1.1811023622,9.44881889764,"Noise",5.66929133858,"s506.wav"
7.24409448819,6.45669291339,5.1968503937,"Triangle",9.37007874016,"s507.wav"
6.69291338583,2.28346456693,7.48031496063,"Triangle",0.0787401574803,"s508.wav"
0.472440944882,1.25984251969,2.44094488189,"Triangle",4.96062992126,"s509.wav"
4.64566929134,1.49606299213,2.83464566929,"Noise",5.27559055118,"s510.wav"
3.93700787402,0.866141732283,5.43307086614,"Saw",1.02362204724,"s511.wav"
1.33858267717,7.24409448819,2.75590551181,"Noise",1.96850393701,"s512.wav"
4.4094488189,3.22834645669,7.32283464567,"Triangle",0.472440944882,"s513.wav"
8.42519685039,2.91338582677,5.51181102362,"Triangle",9.84251968504,"s514.wav"
1.57480314961,1.25984251969,8.34645669291,"Noise",6.45669291339,"s515.wav"
1.02362204724,9.37007874016,6.92913385827,"Noise",10.0,"s516.wav"
8.8188976378,4.88188976378,5.90551181102,"Sine",6.53543307087,"s517.wav"
4.4094488189,5.82677165354,2.75590551181,"Noise",0.866141732283,"s518.wav"
6.92913385827,7.55905511811,0.0,"Pulse",6.61417322835,"s519.wav"
1.10236220472,8.58267716535,4.8031496063,"Noise",3.70078740157,"s520.wav"
3.54330708661,4.64566929134,2.91338582677,"Triangle",5.35433070866,"s521.wav"
4.56692913386,5.9842519685,5.9842519685,"Triangle",4.17322834646,"s522.wav"
2.83464566929,6.06299212598,3.07086614173,"Sine",1.49606299213,"s523.wav"
2.83464566929,1.25984251969,4.25196850394,"Noise",4.09448818898,"s524.wav"
9.05511811024,6.37795275591,6.69291338583,"Triangle",1.96850393701,"s525.wav"
2.28346456693,10.0,4.25196850394,"Triangle",10.0,"s526.wav"
9.2125984252,1.10236220472,8.58267716535,"Noise",0.551181102362,"s527.wav"
2.83464566929,4.72440944882,8.89763779528,"Saw",1.1811023622,"s528.wav"
2.99212598425,6.06299212598,1.10236220472,"Saw",2.36220472441,"s529.wav"
2.12598425197,4.64566929134,9.29133858268,"Noise",3.77952755906,"s530.wav"
2.59842519685,8.97637795276,6.53543307087,"Triangle",2.91338582677,"s531.wav"
4.64566929134,5.90551181102,2.28346456693,"Sine",1.25984251969,"s532.wav"
7.24409448819,0.0,8.89763779528,"Saw",9.44881889764,"s533.wav"
6.61417322835,9.37007874016,2.99212598425,"Saw",5.74803149606,"s534.wav"
9.84251968504,4.56692913386,8.97637795276,"Sine",9.13385826772,"s535.wav"
3.46456692913,3.30708661417,1.33858267717,"Triangle",0.0787401574803,"s536.wav"
4.0157480315,4.8031496063,3.46456692913,"Sine",7.16535433071,"s537.wav"
4.8031496063,5.74803149606,7.00787401575,"Noise",2.99212598425,"s538.wav"
2.04724409449,8.50393700787,3.62204724409,"Noise",7.40157480315,"s539.wav"
5.66929133858,7.63779527559,6.22047244094,"Noise",7.16535433071,"s540.wav"
0.472440944882,6.22047244094,8.26771653543,"Sine",9.68503937008,"s541.wav"
1.1811023622,7.32283464567,0.708661417323,"Sine",1.73228346457,"s542.wav"
7.40157480315,9.84251968504,8.03149606299,"Pulse",0.0787401574803,"s543.wav"
0.0787401574803,5.66929133858,3.54330708661,"Noise",8.74015748031,"s544.wav"
5.82677165354,5.1968503937,0.629921259843,"Saw",8.34645669291,"s545.wav"
4.33070866142,1.02362204724,6.61417322835,"Pulse",8.74015748031,"s546.wav"
4.8031496063,3.22834645669,1.65354330709,"Noise",2.44094488189,"s547.wav"
4.48818897638,2.51968503937,8.97637795276,"Pulse",6.14173228346,"s548.wav"
1.96850393701,9.6062992126,2.04724409449,"Triangle",7.40157480315,"s549.wav"
9.92125984252,9.05511811024,0.314960629921,"Sine",6.29921259843,"s550.wav"
3.30708661417,7.16535433071,8.8188976378,"Noise",3.14960629921,"s551.wav"
5.27559055118,5.51181102362,9.29133858268,"Noise",3.85826771654,"s552.wav"
2.12598425197,7.87401574803,6.14173228346,"Sine",8.11023622047,"s553.wav"
1.25984251969,7.16535433071,2.28346456693,"Pulse",0.866141732283,"s554.wav"
9.13385826772,6.53543307087,6.22047244094,"Triangle",2.12598425197,"s555.wav"
2.99212598425,9.76377952756,1.57480314961,"Pulse",7.24409448819,"s556.wav"
2.67716535433,6.61417322835,4.0157480315,"Noise",0.787401574803,"s557.wav"
4.72440944882,0.393700787402,5.82677165354,"Sine",0.157480314961,"s558.wav"
6.22047244094,8.11023622047,7.63779527559,"Saw",7.55905511811,"s559.wav"
6.22047244094,9.92125984252,7.00787401575,"Triangle",1.25984251969,"s560.wav"
5.43307086614,1.10236220472,4.09448818898,"Noise",4.4094488189,"s561.wav"
9.92125984252,7.16535433071,0.708661417323,"Triangle",7.40157480315,"s562.wav"
9.13385826772,10.0,2.51968503937,"Pulse",4.17322834646,"s563.wav"
4.88188976378,9.05511811024,1.1811023622,"Noise",7.24409448819,"s564.wav"
7.16535433071,1.73228346457,1.33858267717,"Saw",8.34645669291,"s565.wav"
4.4094488189,8.18897637795,3.46456692913,"Noise",7.95275590551,"s566.wav"
2.44094488189,9.6062992126,8.03149606299,"Pulse",1.88976377953,"s567.wav"
9.29133858268,7.40157480315,4.4094488189,"Sine",5.74803149606,"s568.wav"
9.13385826772,2.75590551181,2.20472440945,"Noise",2.28346456693,"s569.wav"
4.96062992126,2.67716535433,1.10236220472,"Pulse",7.71653543307,"s570.wav"
6.37795275591,4.0157480315,7.71653543307,"Noise",0.236220472441,"s571.wav"
2.75590551181,0.472440944882,7.79527559055,"Sine",9.84251968504,"s572.wav"
2.59842519685,9.52755905512,7.79527559055,"Pulse",1.65354330709,"s573.wav"
0.393700787402,7.48031496063,4.8031496063,"Sine",9.44881889764,"s574.wav"
4.96062992126,6.77165354331,0.0787401574803,"Pulse",2.59842519685,"s575.wav"
9.2125984252,5.9842519685,3.85826771654,"Triangle",9.05511811024,"s576.wav"
0.944881889764,8.18897637795,6.22047244094,"Noise",5.03937007874,"s577.wav"
5.1968503937,0.708661417323,2.44094488189,"Sine",2.59842519685,"s578.wav"
0.314960629921,1.1811023622,4.88188976378,"Noise",1.96850393701,"s579.wav"
7.48031496063,5.03937007874,4.33070866142,"Saw",2.51968503937,"s580.wav"
3.62204724409,9.13385826772,3.30708661417,"Noise",7.87401574803,"s581.wav"
9.92125984252,6.06299212598,6.92913385827,"Sine",4.72440944882,"s582.wav"
4.4094488189,1.96850393701,5.74803149606,"Noise",8.74015748031,"s583.wav"
0.944881889764,4.88188976378,1.02362204724,"Triangle",2.67716535433,"s584.wav"
7.71653543307,8.42519685039,4.72440944882,"Sine",7.00787401575,"s585.wav"
0.708661417323,5.74803149606,3.07086614173,"Triangle",9.76377952756,"s586.wav"
9.29133858268,1.57480314961,6.22047244094,"Sine",2.91338582677,"s587.wav"
4.17322834646,5.1968503937,4.56692913386,"Pulse",8.34645669291,"s588.wav"
4.09448818898,1.10236220472,9.05511811024,"Pulse",9.05511811024,"s589.wav"
9.92125984252,1.02362204724,1.41732283465,"Pulse",5.1968503937,"s590.wav"
0.708661417323,3.85826771654,4.56692913386,"Pulse",7.71653543307,"s591.wav"
6.45669291339,2.59842519685,2.91338582677,"Sine",8.34645669291,"s592.wav"
8.26771653543,7.55905511811,7.40157480315,"Pulse",8.03149606299,"s593.wav"
2.75590551181,1.57480314961,1.49606299213,"Pulse",5.9842519685,"s594.wav"
4.72440944882,7.32283464567,7.71653543307,"Noise",5.11811023622,"s595.wav"
7.79527559055,4.88188976378,1.57480314961,"Noise",3.54330708661,"s596.wav"
2.36220472441,5.9842519685,4.09448818898,"Saw",1.10236220472,"s597.wav"
4.48818897638,4.48818897638,7.87401574803,"Saw",3.62204724409,"s598.wav"
3.22834645669,8.18897637795,7.08661417323,"Sine",5.03937007874,"s599.wav"
0.866141732283,7.48031496063,2.44094488189,"Pulse",5.82677165354,"s600.wav"
6.45669291339,1.96850393701,9.92125984252,"Pulse",0.708661417323,"s601.wav"
7.95275590551,8.8188976378,5.51181102362,"Sine",2.83464566929,"s602.wav"
1.57480314961,4.64566929134,6.53543307087,"Saw",7.63779527559,"s603.wav"
7.00787401575,8.18897637795,4.4094488189,"Sine",6.85039370079,"s604.wav"
5.74803149606,4.88188976378,9.76377952756,"Triangle",9.29133858268,"s605.wav"
8.34645669291,2.67716535433,5.35433070866,"Pulse",0.393700787402,"s606.wav"
7.71653543307,2.59842519685,3.14960629921,"Saw",4.96062992126,"s607.wav"
2.12598425197,0.787401574803,9.2125984252,"Pulse",0.314960629921,"s608.wav"
7.71653543307,8.34645669291,8.18897637795,"Pulse",5.11811023622,"s609.wav"
7.63779527559,1.25984251969,2.91338582677,"Noise",6.69291338583,"s610.wav"
0.157480314961,5.9842519685,6.92913385827,"Sine",2.59842519685,"s611.wav"
4.8031496063,4.48818897638,2.75590551181,"Noise",9.68503937008,"s612.wav"
1.10236220472,4.64566929134,5.66929133858,"Saw",9.2125984252,"s613.wav"
5.11811023622,6.53543307087,7.95275590551,"Pulse",7.95275590551,"s614.wav"
0.551181102362,8.66141732283,4.56692913386,"Saw",4.64566929134,"s615.wav"
1.73228346457,1.49606299213,9.68503937008,"Noise",7.40157480315,"s616.wav"
6.61417322835,6.29921259843,1.81102362205,"Saw",6.92913385827,"s617.wav"
1.10236220472,5.51181102362,2.28346456693,"Sine",2.83464566929,"s618.wav"
5.74803149606,8.74015748031,2.20472440945,"Triangle",3.62204724409,"s619.wav"
4.96062992126,2.44094488189,1.02362204724,"Saw",7.55905511811,"s620.wav"
7.63779527559,0.551181102362,6.45669291339,"Pulse",7.48031496063,"s621.wav"
1.10236220472,1.10236220472,10.0,"Triangle",3.22834645669,"s622.wav"
0.787401574803,3.30708661417,9.13385826772,"Triangle",3.62204724409,"s623.wav"
3.93700787402,6.85039370079,6.37795275591,"Pulse",8.42519685039,"s624.wav"
3.77952755906,3.54330708661,1.96850393701,"Sine",7.95275590551,"s625.wav"
3.93700787402,3.38582677165,7.40157480315,"Sine",9.52755905512,"s626.wav"
1.41732283465,1.96850393701,1.25984251969,"Noise",8.18897637795,"s627.wav"
8.89763779528,1.1811023622,5.90551181102,"Noise",1.88976377953,"s628.wav"
5.66929133858,6.53543307087,9.44881889764,"Noise",1.1811023622,"s629.wav"
2.59842519685,6.53543307087,6.53543307087,"Noise",3.77952755906,"s630.wav"
9.76377952756,3.54330708661,4.25196850394,"Pulse",9.52755905512,"s631.wav"
3.85826771654,1.73228346457,6.77165354331,"Triangle",8.66141732283,"s632.wav"
0.157480314961,9.68503937008,8.89763779528,"Triangle",1.96850393701,"s633.wav"
7.87401574803,7.40157480315,1.10236220472,"Noise",8.58267716535,"s634.wav"
4.33070866142,5.82677165354,9.68503937008,"Noise",0.0787401574803,"s635.wav"
6.14173228346,9.52755905512,8.18897637795,"Noise",0.0,"s636.wav"
2.44094488189,9.92125984252,9.6062992126,"Saw",1.10236220472,"s637.wav"
7.63779527559,7.79527559055,6.14173228346,"Pulse",4.64566929134,"s638.wav"
3.70078740157,10.0,2.44094488189,"Triangle",7.71653543307,"s639.wav"
3.22834645669,1.49606299213,6.69291338583,"Triangle",7.40157480315,"s640.wav"
2.67716535433,5.43307086614,0.866141732283,"Noise",4.72440944882,"s641.wav"
5.1968503937,4.72440944882,8.03149606299,"Noise",9.92125984252,"s642.wav"
1.73228346457,0.787401574803,4.96062992126,"Triangle",5.90551181102,"s643.wav"
4.48818897638,8.89763779528,3.70078740157,"Saw",4.0157480315,"s644.wav"
1.10236220472,8.26771653543,5.5905511811,"Triangle",7.24409448819,"s645.wav"
9.52755905512,4.48818897638,2.20472440945,"Saw",7.24409448819,"s646.wav"
0.0787401574803,5.90551181102,0.787401574803,"Sine",7.00787401575,"s647.wav"
4.25196850394,7.00787401575,9.84251968504,"Triangle",1.57480314961,"s648.wav"
9.68503937008,2.44094488189,5.82677165354,"Saw",2.75590551181,"s649.wav"
2.75590551181,6.61417322835,4.96062992126,"Saw",6.06299212598,"s650.wav"
6.22047244094,5.35433070866,9.2125984252,"Sine",2.51968503937,"s651.wav"
7.79527559055,8.8188976378,4.88188976378,"Saw",5.11811023622,"s652.wav"
5.27559055118,2.12598425197,4.96062992126,"Sine",4.96062992126,"s653.wav"
7.87401574803,8.11023622047,2.83464566929,"Pulse",0.629921259843,"s654.wav"
2.59842519685,4.48818897638,9.05511811024,"Triangle",5.9842519685,"s655.wav"
5.27559055118,4.88188976378,8.18897637795,"Noise",1.88976377953,"s656.wav"
1.1811023622,4.72440944882,5.9842519685,"Pulse",4.88188976378,"s657.wav"
0.393700787402,9.05511811024,6.06299212598,"Noise",4.56692913386,"s658.wav"
8.89763779528,2.04724409449,3.22834645669,"Saw",8.34645669291,"s659.wav"
6.92913385827,2.20472440945,5.11811023622,"Saw",5.66929133858,"s660.wav"
8.8188976378,2.83464566929,4.17322834646,"Noise",7.24409448819,"s661.wav"
8.97637795276,3.62204724409,7.48031496063,"Noise",4.64566929134,"s662.wav"
2.51968503937,5.5905511811,2.59842519685,"Sine",0.236220472441,"s663.wav"
5.1968503937,9.13385826772,4.8031496063,"Triangle",8.18897637795,"s664.wav"
2.44094488189,7.32283464567,3.54330708661,"Noise",5.03937007874,"s665.wav"
2.75590551181,9.68503937008,3.70078740157,"Sine",7.63779527559,"s666.wav"
6.29921259843,9.6062992126,1.02362204724,"Triangle",6.53543307087,"s667.wav"
7.48031496063,6.69291338583,0.708661417323,"Saw",9.13385826772,"s668.wav"
8.11023622047,4.8031496063,3.70078740157,"Noise",4.09448818898,"s669.wav"
4.25196850394,3.54330708661,2.59842519685,"Sine",7.24409448819,"s670.wav"
7.40157480315,8.03149606299,2.59842519685,"Noise",9.52755905512,"s671.wav"
3.54330708661,0.314960629921,4.64566929134,"Triangle",7.40157480315,"s672.wav"
4.25196850394,5.43307086614,6.77165354331,"Pulse",7.71653543307,"s673.wav"
8.03149606299,4.8031496063,3.30708661417,"Triangle",9.76377952756,"s674.wav"
8.18897637795,2.20472440945,6.61417322835,"Saw",1.10236220472,"s675.wav"
3.70078740157,5.74803149606,4.96062992126,"Sine",6.06299212598,"s676.wav"
8.50393700787,2.67716535433,9.76377952756,"Noise",6.45669291339,"s677.wav"
4.0157480315,6.14173228346,8.50393700787,"Noise",7.32283464567,"s678.wav"
6.69291338583,8.26771653543,7.55905511811,"Saw",2.75590551181,"s679.wav"
3.22834645669,3.30708661417,1.41732283465,"Saw",3.85826771654,"s680.wav"
8.97637795276,0.944881889764,6.85039370079,"Saw",4.33070866142,"s681.wav"
2.20472440945,4.25196850394,1.81102362205,"Pulse",1.41732283465,"s682.wav"
2.36220472441,3.70078740157,1.25984251969,"Sine",2.51968503937,"s683.wav"
8.8188976378,6.92913385827,6.85039370079,"Noise",7.40157480315,"s684.wav"
4.88188976378,3.93700787402,1.65354330709,"Saw",1.25984251969,"s685.wav"
4.64566929134,4.09448818898,8.74015748031,"Triangle",5.35433070866,"s686.wav"
7.55905511811,1.41732283465,9.6062992126,"Triangle",7.79527559055,"s687.wav"
5.51181102362,0.314960629921,8.66141732283,"Sine",5.90551181102,"s688.wav"
8.34645669291,0.393700787402,5.9842519685,"Pulse",4.56692913386,"s689.wav"
3.07086614173,9.84251968504,4.25196850394,"Pulse",2.04724409449,"s690.wav"
0.314960629921,1.10236220472,9.52755905512,"Noise",6.14173228346,"s691.wav"
8.58267716535,2.99212598425,9.76377952756,"Saw",4.64566929134,"s692.wav"
2.51968503937,4.4094488189,8.89763779528,"Pulse",5.9842519685,"s693.wav"
7.48031496063,0.157480314961,2.44094488189,"Pulse",9.92125984252,"s694.wav"
6.14173228346,3.38582677165,5.1968503937,"Noise",4.0157480315,"s695.wav"
3.85826771654,9.6062992126,0.629921259843,"Sine",0.866141732283,"s696.wav"
9.6062992126,7.16535433071,2.67716535433,"Triangle",0.393700787402,"s697.wav"
2.51968503937,8.03149606299,8.58267716535,"Saw",7.55905511811,"s698.wav"
2.28346456693,5.9842519685,7.32283464567,"Sine",9.05511811024,"s699.wav"
4.8031496063,3.62204724409,7.08661417323,"Pulse",1.1811023622,"s700.wav"
6.92913385827,4.8031496063,6.92913385827,"Triangle",7.87401574803,"s701.wav"
7.95275590551,1.81102362205,4.8031496063,"Sine",6.29921259843,"s702.wav"
2.51968503937,3.85826771654,6.14173228346,"Noise",6.69291338583,"s703.wav"
2.44094488189,0.551181102362,2.04724409449,"Saw",9.84251968504,"s704.wav"
0.314960629921,2.28346456693,1.10236220472,"Sine",2.51968503937,"s705.wav"
6.61417322835,3.30708661417,3.70078740157,"Pulse",5.03937007874,"s706.wav"
8.42519685039,1.1811023622,7.55905511811,"Saw",6.37795275591,"s707.wav"
0.236220472441,3.54330708661,5.66929133858,"Pulse",6.45669291339,"s708.wav"
4.8031496063,8.58267716535,3.07086614173,"Sine",1.73228346457,"s709.wav"
6.22047244094,1.33858267717,1.1811023622,"Noise",8.03149606299,"s710.wav"
9.68503937008,2.20472440945,7.55905511811,"Pulse",9.68503937008,"s711.wav"
0.393700787402,5.51181102362,5.90551181102,"Saw",1.73228346457,"s712.wav"
3.38582677165,4.09448818898,5.74803149606,"Pulse",9.44881889764,"s713.wav"
7.79527559055,5.5905511811,6.92913385827,"Pulse",2.75590551181,"s714.wav"
0.472440944882,1.57480314961,8.26771653543,"Triangle",1.1811023622,"s715.wav"
7.24409448819,6.37795275591,5.11811023622,"Triangle",5.82677165354,"s716.wav"
4.09448818898,7.79527559055,2.67716535433,"Saw",2.99212598425,"s717.wav"
5.9842519685,4.17322834646,3.46456692913,"Sine",1.41732283465,"s718.wav"
5.82677165354,8.26771653543,7.71653543307,"Pulse",3.85826771654,"s719.wav"
6.61417322835,2.67716535433,0.866141732283,"Saw",4.25196850394,"s720.wav"
10.0,8.11023622047,0.393700787402,"Triangle",7.55905511811,"s721.wav"
2.36220472441,2.99212598425,7.71653543307,"Triangle",5.90551181102,"s722.wav"
3.38582677165,7.63779527559,3.93700787402,"Saw",5.90551181102,"s723.wav"
7.00787401575,5.11811023622,0.393700787402,"Saw",0.0,"s724.wav"
1.88976377953,6.85039370079,0.551181102362,"Triangle",7.08661417323,"s725.wav"
7.87401574803,0.314960629921,8.26771653543,"Triangle",5.35433070866,"s726.wav"
2.20472440945,2.59842519685,1.57480314961,"Noise",9.68503937008,"s727.wav"
4.4094488189,1.81102362205,3.38582677165,"Sine",6.45669291339,"s728.wav"
8.8188976378,5.35433070866,3.07086614173,"Pulse",5.5905511811,"s729.wav"
4.33070866142,1.41732283465,6.85039370079,"Saw",8.74015748031,"s730.wav"
4.09448818898,2.99212598425,10.0,"Noise",1.88976377953,"s731.wav"
8.97637795276,4.0157480315,5.90551181102,"Noise",1.02362204724,"s732.wav"
8.58267716535,4.33070866142,0.708661417323,"Sine",3.22834645669,"s733.wav"
2.99212598425,3.30708661417,7.95275590551,"Noise",6.37795275591,"s734.wav"
4.96062992126,4.09448818898,5.35433070866,"Saw",3.62204724409,"s735.wav"
6.06299212598,4.09448818898,5.43307086614,"Sine",5.82677165354,"s736.wav"
6.61417322835,2.12598425197,3.77952755906,"Pulse",4.72440944882,"s737.wav"
6.45669291339,8.18897637795,7.55905511811,"Noise",9.6062992126,"s738.wav"
0.0,7.71653543307,7.48031496063,"Pulse",6.22047244094,"s739.wav"
9.2125984252,9.68503937008,2.83464566929,"Pulse",6.92913385827,"s740.wav"
0.0787401574803,2.36220472441,3.14960629921,"Saw",2.36220472441,"s741.wav"
0.393700787402,0.236220472441,4.72440944882,"Noise",4.56692913386,"s742.wav"
9.44881889764,1.81102362205,5.74803149606,"Sine",9.13385826772,"s743.wav"
9.29133858268,4.25196850394,2.12598425197,"Saw",10.0,"s744.wav"
6.53543307087,2.44094488189,1.88976377953,"Sine",1.88976377953,"s745.wav"
8.89763779528,8.74015748031,9.68503937008,"Sine",6.29921259843,"s746.wav"
4.48818897638,1.65354330709,6.06299212598,"Saw",1.41732283465,"s747.wav"
7.79527559055,1.1811023622,5.90551181102,"Triangle",6.61417322835,"s748.wav"
0.866141732283,8.89763779528,1.65354330709,"Triangle",1.81102362205,"s749.wav"
3.62204724409,0.787401574803,2.51968503937,"Noise",2.83464566929,"s750.wav"
3.14960629921,1.33858267717,2.91338582677,"Triangle",2.28346456693,"s751.wav"
7.32283464567,2.67716535433,8.58267716535,"Triangle",1.49606299213,"s752.wav"
8.11023622047,2.75590551181,0.787401574803,"Noise",1.96850393701,"s753.wav"
9.13385826772,4.0157480315,4.64566929134,"Noise",1.10236220472,"s754.wav"
1.88976377953,4.09448818898,1.02362204724,"Triangle",1.33858267717,"s755.wav"
1.10236220472,8.58267716535,4.64566929134,"Saw",8.58267716535,"s756.wav"
0.0,8.66141732283,6.06299212598,"Pulse",4.17322834646,"s757.wav"
9.52755905512,9.05511811024,8.74015748031,"Pulse",3.46456692913,"s758.wav"
3.22834645669,7.40157480315,6.29921259843,"Pulse",5.82677165354,"s759.wav"
4.25196850394,7.24409448819,1.81102362205,"Triangle",3.54330708661,"s760.wav"
2.44094488189,10.0,4.48818897638,"Noise",5.82677165354,"s761.wav"
4.33070866142,5.66929133858,4.8031496063,"Saw",8.42519685039,"s762.wav"
5.11811023622,8.11023622047,0.472440944882,"Sine",2.28346456693,"s763.wav"
3.30708661417,6.14173228346,7.71653543307,"Noise",1.96850393701,"s764.wav"
9.37007874016,3.93700787402,0.708661417323,"Sine",1.41732283465,"s765.wav"
1.49606299213,0.157480314961,1.81102362205,"Sine",9.68503937008,"s766.wav"
2.12598425197,6.69291338583,9.44881889764,"Saw",3.38582677165,"s767.wav"
5.5905511811,9.2125984252,5.35433070866,"Pulse",8.11023622047,"s768.wav"
4.48818897638,0.472440944882,2.75590551181,"Triangle",1.1811023622,"s769.wav"
0.0787401574803,5.35433070866,0.708661417323,"Noise",2.91338582677,"s770.wav"
5.03937007874,5.9842519685,9.84251968504,"Pulse",1.57480314961,"s771.wav"
1.81102362205,2.28346456693,4.09448818898,"Noise",4.25196850394,"s772.wav"
2.20472440945,4.64566929134,4.25196850394,"Noise",6.45669291339,"s773.wav"
0.314960629921,4.09448818898,2.28346456693,"Pulse",4.8031496063,"s774.wav"
6.45669291339,6.69291338583,3.85826771654,"Noise",1.25984251969,"s775.wav"
0.0787401574803,6.22047244094,7.32283464567,"Sine",0.314960629921,"s776.wav"
5.35433070866,4.17322834646,3.46456692913,"Noise",3.70078740157,"s777.wav"
5.9842519685,5.9842519685,9.76377952756,"Pulse",4.48818897638,"s778.wav"
4.17322834646,6.29921259843,3.38582677165,"Sine",2.67716535433,"s779.wav"
4.17322834646,1.10236220472,9.52755905512,"Pulse",1.81102362205,"s780.wav"
2.36220472441,1.57480314961,3.93700787402,"Sine",4.88188976378,"s781.wav"
0.314960629921,1.02362204724,6.77165354331,"Noise",8.26771653543,"s782.wav"
5.1968503937,1.10236220472,1.25984251969,"Noise",6.06299212598,"s783.wav"
9.92125984252,1.57480314961,1.25984251969,"Noise",6.69291338583,"s784.wav"
10.0,6.85039370079,8.74015748031,"Saw",8.89763779528,"s785.wav"
9.05511811024,3.62204724409,8.18897637795,"Pulse",3.62204724409,"s786.wav"
5.03937007874,2.59842519685,3.14960629921,"Saw",8.50393700787,"s787.wav"
5.35433070866,8.26771653543,9.05511811024,"Triangle",8.03149606299,"s788.wav"
3.93700787402,0.236220472441,6.69291338583,"Noise",7.63779527559,"s789.wav"
4.64566929134,2.91338582677,2.83464566929,"Pulse",0.393700787402,"s790.wav"
1.81102362205,7.87401574803,7.79527559055,"Noise",9.92125984252,"s791.wav"
7.40157480315,6.14173228346,3.38582677165,"Noise",5.66929133858,"s792.wav"
7.87401574803,4.88188976378,4.25196850394,"Noise",1.41732283465,"s793.wav"
8.42519685039,6.61417322835,8.50393700787,"Noise",9.68503937008,"s794.wav"
5.27559055118,4.8031496063,4.33070866142,"Saw",7.24409448819,"s795.wav"
3.85826771654,6.69291338583,1.96850393701,"Triangle",9.13385826772,"s796.wav"
3.07086614173,7.79527559055,8.66141732283,"Noise",5.5905511811,"s797.wav"
0.157480314961,9.37007874016,2.28346456693,"Pulse",3.77952755906,"s798.wav"
9.37007874016,2.51968503937,10.0,"Triangle",8.26771653543,"s799.wav"
4.4094488189,5.66929133858,4.8031496063,"Pulse",0.944881889764,"s800.wav"
3.70078740157,2.28346456693,9.44881889764,"Noise",8.42519685039,"s801.wav"
6.14173228346,3.77952755906,3.30708661417,"Noise",4.4094488189,"s802.wav"
0.393700787402,4.48818897638,6.22047244094,"Pulse",9.84251968504,"s803.wav"
6.06299212598,2.20472440945,9.29133858268,"Triangle",8.58267716535,"s804.wav"
7.24409448819,8.97637795276,1.02362204724,"Sine",3.62204724409,"s805.wav"
5.35433070866,4.72440944882,6.69291338583,"Pulse",0.314960629921,"s806.wav"
7.79527559055,6.77165354331,2.83464566929,"Triangle",10.0,"s807.wav"
2.83464566929,0.944881889764,4.25196850394,"Pulse",1.49606299213,"s808.wav"
7.71653543307,8.18897637795,1.65354330709,"Noise",8.03149606299,"s809.wav"
8.58267716535,9.92125984252,1.73228346457,"Noise",1.25984251969,"s810.wav"
9.2125984252,7.24409448819,3.54330708661,"Saw",0.0787401574803,"s811.wav"
2.51968503937,2.51968503937,9.2125984252,"Pulse",2.12598425197,"s812.wav"
2.44094488189,2.51968503937,1.1811023622,"Sine",3.22834645669,"s813.wav"
3.14960629921,7.00787401575,5.51181102362,"Triangle",2.51968503937,"s814.wav"
2.75590551181,7.55905511811,0.787401574803,"Sine",4.72440944882,"s815.wav"
2.99212598425,1.73228346457,3.62204724409,"Sine",7.71653543307,"s816.wav"
7.32283464567,3.30708661417,0.944881889764,"Saw",5.90551181102,"s817.wav"
6.29921259843,1.96850393701,8.11023622047,"Sine",1.57480314961,"s818.wav"
5.9842519685,8.11023622047,3.93700787402,"Saw",0.0787401574803,"s819.wav"
6.45669291339,0.708661417323,9.13385826772,"Sine",8.26771653543,"s820.wav"
3.93700787402,8.42519685039,2.91338582677,"Pulse",2.83464566929,"s821.wav"
2.75590551181,8.97637795276,3.14960629921,"Triangle",3.30708661417,"s822.wav"
1.02362204724,0.866141732283,9.84251968504,"Pulse",6.53543307087,"s823.wav"
2.75590551181,3.14960629921,2.20472440945,"Saw",6.85039370079,"s824.wav"
7.71653543307,0.708661417323,6.22047244094,"Sine",6.61417322835,"s825.wav"
1.49606299213,7.55905511811,2.44094488189,"Saw",7.71653543307,"s826.wav"
7.24409448819,5.74803149606,5.90551181102,"Saw",7.48031496063,"s827.wav"
7.40157480315,6.61417322835,9.76377952756,"Sine",9.29133858268,"s828.wav"
6.77165354331,8.18897637795,7.08661417323,"Sine",8.89763779528,"s829.wav"
2.67716535433,7.32283464567,6.22047244094,"Noise",5.9842519685,"s830.wav"
9.2125984252,2.04724409449,9.05511811024,"Noise",3.93700787402,"s831.wav"
2.51968503937,3.54330708661,0.0,"Triangle",1.96850393701,"s832.wav"
4.48818897638,7.40157480315,3.22834645669,"Pulse",5.1968503937,"s833.wav"
2.44094488189,1.49606299213,7.71653543307,"Saw",5.35433070866,"s834.wav"
8.42519685039,5.9842519685,2.44094488189,"Sine",7.16535433071,"s835.wav"
9.52755905512,7.32283464567,2.99212598425,"Noise",2.51968503937,"s836.wav"
2.83464566929,8.34645669291,8.34645669291,"Noise",1.65354330709,"s837.wav"
0.629921259843,0.0,4.56692913386,"Noise",2.91338582677,"s838.wav"
0.708661417323,8.50393700787,6.37795275591,"Noise",2.04724409449,"s839.wav"
9.92125984252,4.96062992126,4.25196850394,"Triangle",9.44881889764,"s840.wav"
5.9842519685,2.28346456693,6.61417322835,"Sine",0.866141732283,"s841.wav"
3.14960629921,3.70078740157,9.52755905512,"Noise",6.53543307087,"s842.wav"
9.76377952756,6.29921259843,2.99212598425,"Noise",1.49606299213,"s843.wav"
1.02362204724,8.26771653543,1.1811023622,"Triangle",5.51181102362,"s844.wav"
8.42519685039,1.1811023622,5.1968503937,"Pulse",5.9842519685,"s845.wav"
0.551181102362,4.48818897638,6.77165354331,"Noise",7.79527559055,"s846.wav"
6.45669291339,0.944881889764,6.85039370079,"Triangle",6.22047244094,"s847.wav"
3.14960629921,1.65354330709,7.08661417323,"Saw",1.57480314961,"s848.wav"
9.76377952756,5.35433070866,8.74015748031,"Triangle",2.91338582677,"s849.wav"
9.2125984252,5.11811023622,1.25984251969,"Triangle",0.787401574803,"s850.wav"
6.53543307087,9.29133858268,0.472440944882,"Pulse",9.76377952756,"s851.wav"
3.70078740157,8.18897637795,2.51968503937,"Noise",1.10236220472,"s852.wav"
7.95275590551,5.43307086614,5.5905511811,"Pulse",7.55905511811,"s853.wav"
5.03937007874,2.75590551181,9.76377952756,"Triangle",4.09448818898,"s854.wav"
2.28346456693,3.77952755906,4.64566929134,"Triangle",2.12598425197,"s855.wav"
6.77165354331,2.12598425197,0.866141732283,"Triangle",4.4094488189,"s856.wav"
6.61417322835,2.91338582677,4.96062992126,"Triangle",1.10236220472,"s857.wav"
9.29133858268,1.73228346457,6.69291338583,"Noise",8.03149606299,"s858.wav"
0.551181102362,5.9842519685,2.59842519685,"Triangle",2.12598425197,"s859.wav"
8.26771653543,8.18897637795,8.74015748031,"Noise",8.66141732283,"s860.wav"
8.58267716535,9.37007874016,0.629921259843,"Saw",5.9842519685,"s861.wav"
5.03937007874,3.14960629921,5.90551181102,"Noise",7.40157480315,"s862.wav"
7.55905511811,2.04724409449,2.12598425197,"Saw",2.99212598425,"s863.wav"
4.33070866142,0.944881889764,5.43307086614,"Triangle",9.13385826772,"s864.wav"
8.50393700787,6.77165354331,7.40157480315,"Saw",6.77165354331,"s865.wav"
2.91338582677,8.18897637795,8.74015748031,"Sine",0.551181102362,"s866.wav"
0.866141732283,4.72440944882,8.8188976378,"Sine",2.83464566929,"s867.wav"
2.91338582677,8.03149606299,10.0,"Saw",7.48031496063,"s868.wav"
2.04724409449,0.944881889764,7.55905511811,"Saw",6.06299212598,"s869.wav"
5.9842519685,4.88188976378,2.44094488189,"Noise",0.708661417323,"s870.wav"
9.37007874016,4.48818897638,5.90551181102,"Noise",3.46456692913,"s871.wav"
1.41732283465,5.27559055118,9.05511811024,"Sine",8.74015748031,"s872.wav"
5.11811023622,1.1811023622,7.48031496063,"Sine",6.37795275591,"s873.wav"
9.76377952756,2.12598425197,0.236220472441,"Pulse",8.74015748031,"s874.wav"
0.472440944882,2.59842519685,4.33070866142,"Sine",0.236220472441,"s875.wav"
9.68503937008,2.44094488189,2.04724409449,"Saw",1.73228346457,"s876.wav"
1.81102362205,5.9842519685,2.99212598425,"Saw",0.472440944882,"s877.wav"
9.13385826772,6.45669291339,8.42519685039,"Noise",3.22834645669,"s878.wav"
5.82677165354,2.28346456693,0.866141732283,"Noise",3.07086614173,"s879.wav"
7.24409448819,2.04724409449,0.0787401574803,"Pulse",6.29921259843,"s880.wav"
6.85039370079,9.13385826772,0.472440944882,"Saw",4.0157480315,"s881.wav"
7.79527559055,1.25984251969,3.54330708661,"Saw",2.51968503937,"s882.wav"
9.52755905512,5.35433070866,8.50393700787,"Noise",2.12598425197,"s883.wav"
10.0,4.48818897638,8.66141732283,"Sine",6.69291338583,"s884.wav"
0.393700787402,1.25984251969,2.83464566929,"Saw",9.76377952756,"s885.wav"
7.40157480315,5.82677165354,6.14173228346,"Saw",1.73228346457,"s886.wav"
0.314960629921,7.71653543307,3.30708661417,"Noise",8.66141732283,"s887.wav"
4.96062992126,5.66929133858,8.50393700787,"Pulse",2.20472440945,"s888.wav"
3.38582677165,9.37007874016,9.37007874016,"Triangle",7.32283464567,"s889.wav"
0.236220472441,2.83464566929,0.787401574803,"Noise",5.51181102362,"s890.wav"
0.944881889764,4.96062992126,5.9842519685,"Sine",3.93700787402,"s891.wav"
3.38582677165,2.91338582677,1.96850393701,"Sine",5.27559055118,"s892.wav"
2.20472440945,5.11811023622,1.88976377953,"Pulse",5.43307086614,"s893.wav"
7.79527559055,8.58267716535,2.44094488189,"Sine",0.629921259843,"s894.wav"
9.44881889764,2.28346456693,6.69291338583,"Sine",1.88976377953,"s895.wav"
0.0787401574803,4.56692913386,5.35433070866,"Saw",9.37007874016,"s896.wav"
3.85826771654,4.33070866142,5.82677165354,"Noise",2.12598425197,"s897.wav"
9.52755905512,1.33858267717,3.62204724409,"Sine",2.75590551181,"s898.wav"
8.66141732283,2.75590551181,0.866141732283,"Triangle",1.81102362205,"s899.wav"
8.03149606299,8.26771653543,2.59842519685,"Triangle",1.10236220472,"s900.wav"
9.52755905512,8.42519685039,6.45669291339,"Noise",1.1811023622,"s901.wav"
0.551181102362,7.24409448819,0.551181102362,"Saw",8.18897637795,"s902.wav"
3.62204724409,9.6062992126,1.1811023622,"Sine",5.9842519685,"s903.wav"
1.49606299213,0.787401574803,3.54330708661,"Saw",8.58267716535,"s904.wav"
5.27559055118,9.76377952756,9.68503937008,"Saw",3.85826771654,"s905.wav"
4.48818897638,0.236220472441,4.72440944882,"Saw",8.89763779528,"s906.wav"
3.54330708661,9.68503937008,4.72440944882,"Pulse",5.5905511811,"s907.wav"
9.6062992126,2.20472440945,4.25196850394,"Sine",2.44094488189,"s908.wav"
3.54330708661,2.20472440945,3.22834645669,"Pulse",0.157480314961,"s909.wav"
8.26771653543,7.08661417323,0.236220472441,"Noise",8.8188976378,"s910.wav"
2.28346456693,3.85826771654,7.16535433071,"Noise",1.65354330709,"s911.wav"
2.12598425197,8.89763779528,5.66929133858,"Triangle",5.11811023622,"s912.wav"
3.62204724409,6.22047244094,1.96850393701,"Sine",9.29133858268,"s913.wav"
2.12598425197,6.45669291339,10.0,"Sine",8.26771653543,"s914.wav"
9.76377952756,7.79527559055,7.79527559055,"Noise",7.40157480315,"s915.wav"
3.38582677165,0.708661417323,9.37007874016,"Triangle",7.16535433071,"s916.wav"
2.59842519685,5.35433070866,9.2125984252,"Noise",2.91338582677,"s917.wav"
8.89763779528,1.73228346457,6.77165354331,"Triangle",0.787401574803,"s918.wav"
8.18897637795,2.04724409449,2.67716535433,"Triangle",8.26771653543,"s919.wav"
0.236220472441,7.95275590551,2.91338582677,"Pulse",9.2125984252,"s920.wav"
0.0787401574803,8.97637795276,8.42519685039,"Pulse",0.472440944882,"s921.wav"
8.8188976378,8.58267716535,9.2125984252,"Saw",2.91338582677,"s922.wav"
6.69291338583,1.33858267717,6.45669291339,"Triangle",8.03149606299,"s923.wav"
9.29133858268,4.72440944882,0.0787401574803,"Sine",5.51181102362,"s924.wav"
4.56692913386,7.40157480315,3.07086614173,"Pulse",1.49606299213,"s925.wav"
2.75590551181,4.17322834646,3.93700787402,"Saw",8.18897637795,"s926.wav"
3.70078740157,4.88188976378,1.81102362205,"Sine",1.10236220472,"s927.wav"
4.17322834646,9.84251968504,6.14173228346,"Triangle",0.866141732283,"s928.wav"
4.09448818898,8.8188976378,0.0,"Pulse",8.89763779528,"s929.wav"
8.34645669291,2.20472440945,7.55905511811,"Pulse",8.89763779528,"s930.wav"
6.53543307087,6.61417322835,8.66141732283,"Noise",4.0157480315,"s931.wav"
3.30708661417,9.37007874016,5.35433070866,"Noise",0.472440944882,"s932.wav"
4.72440944882,3.22834645669,9.84251968504,"Pulse",7.08661417323,"s933.wav"
8.97637795276,3.07086614173,5.66929133858,"Triangle",4.17322834646,"s934.wav"
4.88188976378,7.71653543307,2.59842519685,"Sine",8.8188976378,"s935.wav"
5.5905511811,7.79527559055,6.06299212598,"Saw",9.52755905512,"s936.wav"
4.56692913386,2.44094488189,5.27559055118,"Triangle",9.76377952756,"s937.wav"
3.38582677165,9.29133858268,2.67716535433,"Saw",4.96062992126,"s938.wav"
3.46456692913,8.42519685039,2.59842519685,"Noise",6.85039370079,"s939.wav"
6.45669291339,5.35433070866,5.74803149606,"Sine",1.96850393701,"s940.wav"
9.92125984252,8.97637795276,8.74015748031,"Sine",4.72440944882,"s941.wav"
5.90551181102,2.99212598425,7.48031496063,"Saw",7.00787401575,"s942.wav"
9.92125984252,0.236220472441,5.5905511811,"Saw",8.8188976378,"s943.wav"
7.71653543307,3.62204724409,8.18897637795,"Triangle",0.393700787402,"s944.wav"
7.00787401575,6.06299212598,4.56692913386,"Pulse",9.84251968504,"s945.wav"
3.07086614173,7.55905511811,0.629921259843,"Saw",2.12598425197,"s946.wav"
8.26771653543,9.52755905512,3.77952755906,"Sine",6.29921259843,"s947.wav"
8.18897637795,1.02362204724,7.24409448819,"Saw",3.93700787402,"s948.wav"
0.472440944882,0.708661417323,4.0157480315,"Triangle",7.24409448819,"s949.wav"
7.16535433071,8.74015748031,2.67716535433,"Noise",5.66929133858,"s950.wav"
5.82677165354,3.30708661417,6.37795275591,"Triangle",7.00787401575,"s951.wav"
0.472440944882,0.0787401574803,2.59842519685,"Noise",5.43307086614,"s952.wav"
0.866141732283,8.50393700787,9.44881889764,"Noise",4.56692913386,"s953.wav"
2.59842519685,2.67716535433,3.85826771654,"Triangle",7.40157480315,"s954.wav"
8.03149606299,6.22047244094,2.91338582677,"Pulse",4.64566929134,"s955.wav"
9.37007874016,7.95275590551,9.6062992126,"Sine",7.00787401575,"s956.wav"
6.14173228346,1.73228346457,4.48818897638,"Sine",7.16535433071,"s957.wav"
9.76377952756,2.91338582677,8.66141732283,"Triangle",1.96850393701,"s958.wav"
1.65354330709,10.0,9.05511811024,"Sine",1.10236220472,"s959.wav"
7.24409448819,10.0,8.11023622047,"Noise",5.5905511811,"s960.wav"
2.28346456693,0.0787401574803,4.0157480315,"Pulse",6.53543307087,"s961.wav"
0.629921259843,7.40157480315,0.472440944882,"Noise",8.11023622047,"s962.wav"
0.472440944882,3.22834645669,0.157480314961,"Pulse",9.29133858268,"s963.wav"
0.551181102362,5.9842519685,6.14173228346,"Saw",6.45669291339,"s964.wav"
3.38582677165,6.77165354331,2.91338582677,"Pulse",2.12598425197,"s965.wav"
5.03937007874,9.52755905512,2.44094488189,"Triangle",6.69291338583,"s966.wav"
1.1811023622,5.11811023622,5.27559055118,"Pulse",0.393700787402,"s967.wav"
4.56692913386,2.04724409449,7.87401574803,"Noise",0.708661417323,"s968.wav"
3.14960629921,0.472440944882,0.629921259843,"Triangle",1.02362204724,"s969.wav"
6.77165354331,3.14960629921,9.52755905512,"Sine",2.12598425197,"s970.wav"
3.70078740157,9.29133858268,3.46456692913,"Noise",8.74015748031,"s971.wav"
9.29133858268,8.03149606299,5.51181102362,"Sine",3.22834645669,"s972.wav"
0.866141732283,3.14960629921,10.0,"Noise",8.18897637795,"s973.wav"
4.33070866142,8.34645669291,6.53543307087,"Sine",4.96062992126,"s974.wav"
4.33070866142,8.11023622047,6.69291338583,"Saw",3.14960629921,"s975.wav"
3.22834645669,1.81102362205,0.551181102362,"Saw",2.91338582677,"s976.wav"
3.30708661417,3.54330708661,4.4094488189,"Noise",1.81102362205,"s977.wav"
9.84251968504,4.4094488189,3.93700787402,"Sine",1.81102362205,"s978.wav"
3.22834645669,9.76377952756,6.61417322835,"Saw",5.74803149606,"s979.wav"
5.1968503937,9.13385826772,2.99212598425,"Saw",7.08661417323,"s980.wav"
0.629921259843,0.944881889764,2.99212598425,"Sine",6.53543307087,"s981.wav"
0.866141732283,4.88188976378,6.45669291339,"Saw",3.07086614173,"s982.wav"
5.90551181102,0.314960629921,5.1968503937,"Saw",1.96850393701,"s983.wav"
1.33858267717,9.6062992126,0.0,"Pulse",5.11811023622,"s984.wav"
0.944881889764,8.18897637795,6.92913385827,"Saw",9.84251968504,"s985.wav"
1.57480314961,0.708661417323,1.88976377953,"Triangle",3.93700787402,"s986.wav"
7.24409448819,9.92125984252,0.708661417323,"Saw",5.90551181102,"s987.wav"
1.81102362205,5.66929133858,5.9842519685,"Pulse",4.4094488189,"s988.wav"
7.40157480315,2.51968503937,0.236220472441,"Noise",8.66141732283,"s989.wav"
7.95275590551,2.04724409449,7.24409448819,"Sine",4.17322834646,"s990.wav"
7.87401574803,7.24409448819,8.18897637795,"Pulse",9.68503937008,"s991.wav"
6.53543307087,0.0787401574803,3.93700787402,"Noise",5.51181102362,"s992.wav"
2.12598425197,2.04724409449,5.74803149606,"Noise",7.48031496063,"s993.wav"
8.8188976378,7.40157480315,6.06299212598,"Sine",1.33858267717,"s994.wav"
5.9842519685,6.29921259843,6.45669291339,"Noise",6.53543307087,"s995.wav"
3.22834645669,5.90551181102,1.96850393701,"Sine",4.8031496063,"s996.wav"
9.6062992126,9.92125984252,7.71653543307,"Pulse",5.90551181102,"s997.wav"
2.04724409449,7.71653543307,9.37007874016,"Pulse",8.42519685039,"s998.wav"
8.34645669291,2.44094488189,8.66141732283,"Pulse",10.0,"s999.wav"
